{
    "mixed": {
        "average": 42.38564593301435,
        "variance": 2880.533573865067
    },
    "dialogue": {
        "average": 37.68408113091579,
        "variance": 4116.83688856871
    },
    "overall": {
        "average": 39.52282934131737,
        "variance": 3638.591544689439
    }
}