{
    "mixed": {
        "average": 53.89377990430622,
        "variance": 6270.887281884572
    },
    "dialogue": {
        "average": 50.37430854333128,
        "variance": 11093.184416777573
    },
    "overall": {
        "average": 51.750748502994014,
        "variance": 9210.168412613399
    }
}