{
    "main": {
        "average": 78.33206974981046,
        "variance": 4487.157356671405
    },
    "socratic": {
        "average": 78.33206974981046,
        "variance": 4487.157356671405
    },
    "overall": {
        "average": 78.33206974981046,
        "variance": 4487.157356671405
    }
}