{
    "all": {
        "average": 75.725,
        "variance": 11764.059375
    },
    "overall": {
        "average": 75.725,
        "variance": 11764.059375
    }
}