{
    "all": {
        "average": 63.595,
        "variance": 15172.315975
    },
    "overall": {
        "average": 63.595,
        "variance": 15172.315975
    }
}