{
    "all": {
        "average": 111.3,
        "variance": 2177.9266666666667
    },
    "overall": {
        "average": 111.3,
        "variance": 2177.9266666666667
    }
}