{
    "all": {
        "average": 62.166666666666664,
        "variance": 603.4055555555556
    },
    "overall": {
        "average": 62.166666666666664,
        "variance": 603.4055555555556
    }
}