{
    "main": {
        "average": 99.08378870673953,
        "variance": 11674.790793660273
    },
    "distractor": {
        "average": 165.44722222222222,
        "variance": 42525.61388117284
    },
    "overall": {
        "average": 115.46982167352537,
        "variance": 20111.209308747344
    }
}