{
    "main": {
        "average": 68.94626593806922,
        "variance": 8502.094562559512
    },
    "distractor": {
        "average": 127.475,
        "variance": 32807.688263888886
    },
    "overall": {
        "average": 83.39780521262003,
        "variance": 15140.459034963427
    }
}