{
    "all": {
        "average": 114.12536764705882,
        "variance": 2990.913327070718
    },
    "overall": {
        "average": 114.12536764705882,
        "variance": 2990.913327070718
    }
}