{
    "all": {
        "average": 117.38088235294117,
        "variance": 4483.518163927336
    },
    "overall": {
        "average": 117.38088235294117,
        "variance": 4483.518163927336
    }
}