{
    "all": {
        "average": 61.388,
        "variance": 1567.5094560000002
    },
    "overall": {
        "average": 61.388,
        "variance": 1567.5094560000002
    }
}