{
    "all": {
        "average": 79.196,
        "variance": 1804.4295839999997
    },
    "overall": {
        "average": 79.196,
        "variance": 1804.4295839999997
    }
}