{
    "all": {
        "average": 52.4125,
        "variance": 3758.897343750001
    },
    "overall": {
        "average": 52.4125,
        "variance": 3758.897343750001
    }
}