{
    "diamond": {
        "average": 166.35858585858585,
        "variance": 24451.55323436384
    },
    "extended": {
        "average": 150.01098901098902,
        "variance": 20933.92661916838
    },
    "main": {
        "average": 154.78794642857142,
        "variance": 23826.59119399713
    },
    "overall": {
        "average": 154.5218120805369,
        "variance": 22638.026369870728
    }
}