{
    "diamond": {
        "average": 306.469696969697,
        "variance": 105444.56221303948
    },
    "extended": {
        "average": 294.9304029304029,
        "variance": 101504.86328811604
    },
    "main": {
        "average": 281.6205357142857,
        "variance": 92391.9274354273
    },
    "overall": {
        "average": 291.8447986577181,
        "variance": 98813.45829509369
    }
}