{
    "all": {
        "average": 49.5863154881191,
        "variance": 5981.976875430956
    },
    "overall": {
        "average": 49.5863154881191,
        "variance": 5981.976875430956
    }
}