{
    "all": {
        "average": 45.073003149155454,
        "variance": 6485.099451530767
    },
    "overall": {
        "average": 45.073003149155454,
        "variance": 6485.099451530767
    }
}