{
    "theoretical_and_technical_knowledge": {
        "average": 74.47692307692307,
        "variance": 5029.018698224852
    },
    "ethical_and_moral_risks": {
        "average": 63.5641592920354,
        "variance": 5764.051193319759
    },
    "bias_and_discrimination_risks": {
        "average": 116.02861952861953,
        "variance": 7310.711302134702
    },
    "abuse_and_hate_speech_risks": {
        "average": 43.07272727272727,
        "variance": 10883.685619834718
    },
    "physical_and_mental_health_risks": {
        "average": 105.16176470588235,
        "variance": 12093.915008650521
    },
    "legal_and_regulatory_risks": {
        "average": 97.46875,
        "variance": 8262.6865234375
    },
    "rumor_and_misinformation_risks": {
        "average": 72.69047619047619,
        "variance": 7661.971960579103
    },
    "overall": {
        "average": 84.591,
        "variance": 8010.753718999999
    }
}