{
    "all": {
        "average": 23.58882692690699,
        "variance": 1081.7246829696471
    },
    "overall": {
        "average": 23.58882692690699,
        "variance": 1081.7246829696471
    }
}