{
    "all": {
        "average": 31.340768771161123,
        "variance": 2400.7014428664693
    },
    "overall": {
        "average": 31.340768771161123,
        "variance": 2400.7014428664693
    }
}