{
    "all": {
        "average": 43.799885485256226,
        "variance": 6123.462673906152
    },
    "overall": {
        "average": 43.799885485256226,
        "variance": 6123.462673906152
    }
}