{
    "all": {
        "average": 31.204695104494704,
        "variance": 5104.944358144944
    },
    "overall": {
        "average": 31.204695104494704,
        "variance": 5104.944358144944
    }
}