{
    "main": {
        "average": 59.950720242608035,
        "variance": 7165.288701149181
    },
    "socratic": {
        "average": 60.302501895375286,
        "variance": 7436.051782974789
    },
    "overall": {
        "average": 60.12661106899166,
        "variance": 7300.701179644789
    }
}