{
    "main": {
        "average": 125.6027293404094,
        "variance": 39793.00366199725
    },
    "socratic": {
        "average": 128.65049279757392,
        "variance": 45955.566245018716
    },
    "overall": {
        "average": 127.12661106899166,
        "variance": 42876.607169030685
    }
}