{
    "all": {
        "average": 196.28333333333333,
        "variance": 8131.986388888889
    },
    "overall": {
        "average": 196.28333333333333,
        "variance": 8131.986388888889
    }
}