{
    "all": {
        "average": 127.2,
        "variance": 1698.5099999999998
    },
    "overall": {
        "average": 127.2,
        "variance": 1698.5099999999998
    }
}