{
    "all": {
        "average": 142.70833333333334,
        "variance": 2399.139930555555
    },
    "overall": {
        "average": 142.70833333333334,
        "variance": 2399.139930555555
    }
}