{
    "all": {
        "average": 59.291666666666664,
        "variance": 447.9065972222223
    },
    "overall": {
        "average": 59.291666666666664,
        "variance": 447.9065972222223
    }
}