{
    "main": {
        "average": 83.4271402550091,
        "variance": 6171.08440001858
    },
    "distractor": {
        "average": 126.09166666666667,
        "variance": 19312.561041666668
    },
    "overall": {
        "average": 93.96159122085048,
        "variance": 9754.36615165183
    }
}