{
    "all": {
        "average": 30.93358144861151,
        "variance": 6148.162780101941
    },
    "overall": {
        "average": 30.93358144861151,
        "variance": 6148.162780101941
    }
}