{
    "all": {
        "average": 47.408088235294116,
        "variance": 4490.737140462802
    },
    "overall": {
        "average": 47.408088235294116,
        "variance": 4490.737140462802
    }
}