{
    "all": {
        "average": 152.9,
        "variance": 11138.006666666666
    },
    "overall": {
        "average": 152.9,
        "variance": 11138.006666666666
    }
}