{
    "all": {
        "average": 261.875,
        "variance": 41194.74270833333
    },
    "overall": {
        "average": 261.875,
        "variance": 41194.74270833333
    }
}