{
    "abstract_algebra": {
        "average": 4.6,
        "variance": 1.4400000000000004
    },
    "anatomy": {
        "average": 5.333333333333333,
        "variance": 0.6814814814814814
    },
    "astronomy": {
        "average": 6.552631578947368,
        "variance": 176.4972299168975
    },
    "business_ethics": {
        "average": 12.34,
        "variance": 1195.0044000000005
    },
    "clinical_knowledge": {
        "average": 5.316981132075472,
        "variance": 5.824051263794946
    },
    "college_biology": {
        "average": 5.159722222222222,
        "variance": 0.6897665895061729
    },
    "college_chemistry": {
        "average": 5.02,
        "variance": 2.9796000000000005
    },
    "college_computer_science": {
        "average": 4.73,
        "variance": 3.897100000000001
    },
    "college_mathematics": {
        "average": 4.68,
        "variance": 13.017599999999998
    },
    "college_medicine": {
        "average": 5.832369942196531,
        "variance": 14.463229643489592
    },
    "college_physics": {
        "average": 4.901960784313726,
        "variance": 0.6374471357170318
    },
    "computer_security": {
        "average": 5.29,
        "variance": 1.3859000000000001
    },
    "conceptual_physics": {
        "average": 6.068085106382979,
        "variance": 90.31025803531007
    },
    "econometrics": {
        "average": 4.842105263157895,
        "variance": 10.554016620498613
    },
    "electrical_engineering": {
        "average": 5.344827586206897,
        "variance": 0.46040428061831157
    },
    "elementary_mathematics": {
        "average": 5.203703703703703,
        "variance": 22.70718204977464
    },
    "formal_logic": {
        "average": 6.7063492063492065,
        "variance": 116.95345175107082
    },
    "global_facts": {
        "average": 4.89,
        "variance": 0.5178999999999999
    },
    "high_school_biology": {
        "average": 6.2709677419354835,
        "variance": 80.55238293444329
    },
    "high_school_chemistry": {
        "average": 5.12807881773399,
        "variance": 3.146157392802544
    },
    "high_school_computer_science": {
        "average": 4.67,
        "variance": 0.5211000000000001
    },
    "high_school_european_history": {
        "average": 4.933333333333334,
        "variance": 29.56525252525254
    },
    "high_school_geography": {
        "average": 5.4393939393939394,
        "variance": 4.771579430670341
    },
    "high_school_government_and_politics": {
        "average": 5.341968911917099,
        "variance": 0.6706220301216139
    },
    "high_school_macroeconomics": {
        "average": 7.1692307692307695,
        "variance": 178.6175147928994
    },
    "high_school_mathematics": {
        "average": 4.462962962962963,
        "variance": 0.6041838134430728
    },
    "high_school_microeconomics": {
        "average": 5.302521008403361,
        "variance": 15.78243061930654
    },
    "high_school_physics": {
        "average": 4.754966887417218,
        "variance": 0.6485680452611728
    },
    "high_school_psychology": {
        "average": 5.757798165137615,
        "variance": 20.220237353758097
    },
    "high_school_statistics": {
        "average": 5.00462962962963,
        "variance": 20.291645233196157
    },
    "high_school_us_history": {
        "average": 4.377450980392157,
        "variance": 4.127138600538252
    },
    "high_school_world_history": {
        "average": 6.029535864978903,
        "variance": 71.99490822339725
    },
    "human_aging": {
        "average": 5.771300448430493,
        "variance": 17.808683062197105
    },
    "human_sexuality": {
        "average": 6.916030534351145,
        "variance": 45.84791096089972
    },
    "international_law": {
        "average": 5.818181818181818,
        "variance": 16.52892561983471
    },
    "jurisprudence": {
        "average": 5.518518518518518,
        "variance": 6.953360768175583
    },
    "logical_fallacies": {
        "average": 9.07361963190184,
        "variance": 382.8780157326208
    },
    "machine_learning": {
        "average": 5.928571428571429,
        "variance": 70.22704081632652
    },
    "management": {
        "average": 5.427184466019417,
        "variance": 10.18644547082665
    },
    "marketing": {
        "average": 5.739316239316239,
        "variance": 5.295291840163634
    },
    "medical_genetics": {
        "average": 6.01,
        "variance": 18.269899999999996
    },
    "miscellaneous": {
        "average": 5.979565772669221,
        "variance": 52.025125226516884
    },
    "moral_disputes": {
        "average": 5.468208092485549,
        "variance": 10.208526846870924
    },
    "moral_scenarios": {
        "average": 4.871508379888268,
        "variance": 0.11868543428731936
    },
    "nutrition": {
        "average": 5.003267973856209,
        "variance": 15.36927036609851
    },
    "philosophy": {
        "average": 5.356913183279743,
        "variance": 0.7054104072538541
    },
    "prehistory": {
        "average": 5.617283950617284,
        "variance": 9.063404968754764
    },
    "professional_accounting": {
        "average": 5.50354609929078,
        "variance": 80.27835621950607
    },
    "professional_law": {
        "average": 5.640156453715775,
        "variance": 146.37898719846876
    },
    "professional_medicine": {
        "average": 5.9338235294117645,
        "variance": 157.92209126297575
    },
    "professional_psychology": {
        "average": 5.411764705882353,
        "variance": 1.6082276047673971
    },
    "public_relations": {
        "average": 5.418181818181818,
        "variance": 2.861487603305785
    },
    "security_studies": {
        "average": 5.575510204081633,
        "variance": 26.064706372344858
    },
    "sociology": {
        "average": 5.855721393034826,
        "variance": 10.720477215910497
    },
    "us_foreign_policy": {
        "average": 5.81,
        "variance": 18.593899999999998
    },
    "virology": {
        "average": 5.289156626506024,
        "variance": 0.42241254173319787
    },
    "world_religions": {
        "average": 5.286549707602339,
        "variance": 6.368181662733833
    },
    "overall": {
        "average": 5.6056829511465605,
        "variance": 56.296942493982236
    }
}