{
    "all": {
        "average": 0.075,
        "variance": 0.44437500000000013
    },
    "overall": {
        "average": 0.075,
        "variance": 0.44437500000000013
    }
}