{
    "all": {
        "average": 90.23333333333333,
        "variance": 1929.3622222222223
    },
    "overall": {
        "average": 90.23333333333333,
        "variance": 1929.3622222222223
    }
}