{
    "all": {
        "average": 65.796,
        "variance": 2167.0743840000005
    },
    "overall": {
        "average": 65.796,
        "variance": 2167.0743840000005
    }
}