{
    "all": {
        "average": 120.672,
        "variance": 5122.812415999999
    },
    "overall": {
        "average": 120.672,
        "variance": 5122.812415999999
    }
}