{
    "all": {
        "average": 79.788,
        "variance": 2037.9030559999999
    },
    "overall": {
        "average": 79.788,
        "variance": 2037.9030559999999
    }
}