{
    "all": {
        "average": 113.45833333333333,
        "variance": 10284.698263888891
    },
    "overall": {
        "average": 113.45833333333333,
        "variance": 10284.698263888891
    }
}