{
    "all": {
        "average": 84.675,
        "variance": 2652.5027083333334
    },
    "overall": {
        "average": 84.675,
        "variance": 2652.5027083333334
    }
}