{
    "TK": {
        "average": 0.8,
        "variance": 0.9600000000000002
    },
    "Kedu": {
        "average": 0.4,
        "variance": 0.6400000000000001
    },
    "PSE": {
        "average": 1.6,
        "variance": 1.8399999999999999
    },
    "PSAT": {
        "average": 2.8,
        "variance": 2.5600000000000005
    },
    "CSAT": {
        "average": 1.6,
        "variance": 2.24
    },
    "KHB": {
        "average": 1.6,
        "variance": 0.64
    },
    "KIIP": {
        "average": 1.2,
        "variance": 0.9600000000000002
    },
    "overall": {
        "average": 1.4285714285714286,
        "variance": 1.9020408163265305
    }
}