{
    "main": {
        "average": 89.90892531876139,
        "variance": 24280.815020520837
    },
    "distractor": {
        "average": 124.70277777777778,
        "variance": 31219.286658950616
    },
    "overall": {
        "average": 98.5,
        "variance": 26219.12791495199
    }
}