{
    "main": {
        "average": 130.34517304189436,
        "variance": 65033.812549560214
    },
    "distractor": {
        "average": 190.18333333333334,
        "variance": 91469.79416666666
    },
    "overall": {
        "average": 145.12002743484226,
        "variance": 72227.01920109664
    }
}