{
    "all": {
        "average": 324.6125,
        "variance": 25279.437343750003
    },
    "overall": {
        "average": 324.6125,
        "variance": 25279.437343750003
    }
}