{
    "all": {
        "average": 202.9,
        "variance": 13321.840000000002
    },
    "overall": {
        "average": 202.9,
        "variance": 13321.840000000002
    }
}