{
    "all": {
        "average": 4.6575,
        "variance": 1.5301937499999994
    },
    "overall": {
        "average": 4.6575,
        "variance": 1.5301937499999994
    }
}