{
    "all": {
        "average": 99.53823529411764,
        "variance": 18122.20883217993
    },
    "overall": {
        "average": 99.53823529411764,
        "variance": 18122.20883217993
    }
}