{
    "all": {
        "average": 96.45514705882353,
        "variance": 13650.278870566612
    },
    "overall": {
        "average": 96.45514705882353,
        "variance": 13650.278870566612
    }
}