{
    "main": {
        "average": 84.83623957543594,
        "variance": 6134.740430438434
    },
    "socratic": {
        "average": 83.10310841546627,
        "variance": 4770.224395189914
    },
    "overall": {
        "average": 83.9696739954511,
        "variance": 5453.233348718588
    }
}