{
    "main": {
        "average": 130.47687642153147,
        "variance": 24138.32679661172
    },
    "socratic": {
        "average": 128.15693707354055,
        "variance": 19920.423437472156
    },
    "overall": {
        "average": 129.31690674753602,
        "variance": 22030.72064668653
    }
}