{
    "all": {
        "average": 154.20833333333334,
        "variance": 5693.3649305555555
    },
    "overall": {
        "average": 154.20833333333334,
        "variance": 5693.3649305555555
    }
}