{
    "all": {
        "average": 195.58333333333334,
        "variance": 5500.643055555555
    },
    "overall": {
        "average": 195.58333333333334,
        "variance": 5500.643055555555
    }
}