{
    "main": {
        "average": 93.86429872495447,
        "variance": 11680.2721133971
    },
    "distractor": {
        "average": 134.275,
        "variance": 20078.221597222222
    },
    "overall": {
        "average": 103.84224965706447,
        "variance": 14057.496376832045
    }
}