{
    "main": {
        "average": 98.4936247723133,
        "variance": 19666.34832001221
    },
    "distractor": {
        "average": 150.33333333333334,
        "variance": 50759.01111111112
    },
    "overall": {
        "average": 111.29355281207133,
        "variance": 27843.255390532533
    }
}