{
    "all": {
        "average": 28.8,
        "variance": 1990.9600000000003
    },
    "overall": {
        "average": 28.8,
        "variance": 1990.9600000000003
    }
}