{
    "generation": {
        "average": 132.2,
        "variance": 7579.76
    },
    "mcqa-mc1": {
        "average": 7.2,
        "variance": 10.96
    },
    "mcqa-mc2": {
        "average": 12.4,
        "variance": 31.439999999999998
    },
    "overall": {
        "average": 50.6,
        "variance": 5874.506666666667
    }
}