{
    "all": {
        "average": 39.22072716862296,
        "variance": 2968.624912497278
    },
    "overall": {
        "average": 39.22072716862296,
        "variance": 2968.624912497278
    }
}