{
    "all": {
        "average": 50.58860578299456,
        "variance": 13423.254459350175
    },
    "overall": {
        "average": 50.58860578299456,
        "variance": 13423.254459350175
    }
}