{
    "all": {
        "average": 61.38333333333333,
        "variance": 636.0697222222223
    },
    "overall": {
        "average": 61.38333333333333,
        "variance": 636.0697222222223
    }
}