{
    "all": {
        "average": 108.79166666666667,
        "variance": 1784.9649305555554
    },
    "overall": {
        "average": 108.79166666666667,
        "variance": 1784.9649305555554
    }
}