{
    "all": {
        "average": 122.088,
        "variance": 4191.880256
    },
    "overall": {
        "average": 122.088,
        "variance": 4191.880256
    }
}