{
    "all": {
        "average": 48.456,
        "variance": 1684.448064
    },
    "overall": {
        "average": 48.456,
        "variance": 1684.448064
    }
}