{
    "accounting": {
        "average": 83.6,
        "variance": 5115.48
    },
    "agricultural_sciences": {
        "average": 31.928,
        "variance": 2654.1208160000006
    },
    "aviation_engineering_and_maintenance": {
        "average": 31.95,
        "variance": 2867.7775
    },
    "biology": {
        "average": 19.799,
        "variance": 2015.858599
    },
    "chemical_engineering": {
        "average": 34.712,
        "variance": 5854.381056
    },
    "chemistry": {
        "average": 49.373333333333335,
        "variance": 8524.773955555556
    },
    "civil_engineering": {
        "average": 56.912,
        "variance": 9154.342256000002
    },
    "computer_science": {
        "average": 28.383,
        "variance": 1623.3943110000002
    },
    "construction": {
        "average": 34.772,
        "variance": 3939.322016
    },
    "criminal_law": {
        "average": 80.77,
        "variance": 5310.107100000001
    },
    "ecology": {
        "average": 22.129,
        "variance": 1740.274359
    },
    "economics": {
        "average": 42.646153846153844,
        "variance": 2851.997869822485
    },
    "education": {
        "average": 91.93,
        "variance": 1698.0450999999998
    },
    "electrical_engineering": {
        "average": 42.957,
        "variance": 5203.145151000001
    },
    "electronics_engineering": {
        "average": 32.305,
        "variance": 3525.8559749999995
    },
    "energy_management": {
        "average": 54.477,
        "variance": 8551.435471
    },
    "environmental_science": {
        "average": 39.448,
        "variance": 4742.451296
    },
    "fashion": {
        "average": 13.415,
        "variance": 786.872775
    },
    "food_processing": {
        "average": 21.98,
        "variance": 1722.9776000000002
    },
    "gas_technology_and_engineering": {
        "average": 53.997,
        "variance": 5858.116991
    },
    "geomatics": {
        "average": 54.819,
        "variance": 6315.5742390000005
    },
    "health": {
        "average": 56.21,
        "variance": 2524.3659000000002
    },
    "industrial_engineer": {
        "average": 23.788,
        "variance": 2665.385056
    },
    "information_technology": {
        "average": 26.255,
        "variance": 1845.0339750000005
    },
    "interior_architecture_and_design": {
        "average": 45.387,
        "variance": 2193.071231
    },
    "law": {
        "average": 52.867,
        "variance": 3570.0053110000003
    },
    "machine_design_and_manufacturing": {
        "average": 37.137,
        "variance": 4156.196231
    },
    "management": {
        "average": 40.423,
        "variance": 2562.1300709999996
    },
    "maritime_engineering": {
        "average": 30.25,
        "variance": 3328.9141666666665
    },
    "marketing": {
        "average": 29.614,
        "variance": 1694.027004
    },
    "materials_engineering": {
        "average": 29.752,
        "variance": 2516.086496
    },
    "mechanical_engineering": {
        "average": 46.327,
        "variance": 4550.458070999999
    },
    "nondestructive_testing": {
        "average": 27.17,
        "variance": 2280.2031000000006
    },
    "patent": {
        "average": 52.71,
        "variance": 2811.6658999999995
    },
    "political_science_and_sociology": {
        "average": 89.19333333333333,
        "variance": 3875.682622222222
    },
    "psychology": {
        "average": 23.848,
        "variance": 1375.5588960000002
    },
    "public_safety": {
        "average": 33.623,
        "variance": 3552.4308710000005
    },
    "railway_and_automotive_engineering": {
        "average": 47.319,
        "variance": 5206.4312390000005
    },
    "real_estate": {
        "average": 37.58,
        "variance": 1981.7436000000005
    },
    "refrigerating_machinery": {
        "average": 55.627,
        "variance": 8720.281871
    },
    "social_welfare": {
        "average": 63.443,
        "variance": 3396.9887510000003
    },
    "taxation": {
        "average": 103.825,
        "variance": 9072.914375
    },
    "telecommunications_and_wireless_technology": {
        "average": 25.783,
        "variance": 2101.595911
    },
    "korean_history": {
        "average": 157.2,
        "variance": 3017.94
    },
    "math": {
        "average": 17.336666666666666,
        "variance": 2245.343322222222
    },
    "overall": {
        "average": 38.71604339137882,
        "variance": 4067.6468879136187
    }
}