{
    "all": {
        "average": 197.825,
        "variance": 4695.119375
    },
    "overall": {
        "average": 197.825,
        "variance": 4695.119375
    }
}