{
    "all": {
        "average": 265.1625,
        "variance": 6611.18609375
    },
    "overall": {
        "average": 265.1625,
        "variance": 6611.18609375
    }
}