{
    "all": {
        "average": 139.7875,
        "variance": 3156.46734375
    },
    "overall": {
        "average": 139.7875,
        "variance": 3156.46734375
    }
}