{
    "all": {
        "average": 248.5375,
        "variance": 4716.82359375
    },
    "overall": {
        "average": 248.5375,
        "variance": 4716.82359375
    }
}