{
    "diamond": {
        "average": 158.4,
        "variance": 3555.44
    },
    "extended": {
        "average": 156.8,
        "variance": 2514.56
    },
    "main": {
        "average": 170.4,
        "variance": 2743.44
    },
    "overall": {
        "average": 161.86666666666667,
        "variance": 2974.6488888888885
    }
}