{
    "all": {
        "average": 46.0825,
        "variance": 5631.670693749999
    },
    "overall": {
        "average": 46.0825,
        "variance": 5631.670693749999
    }
}