{
    "all": {
        "average": 69.9275,
        "variance": 15267.93724375
    },
    "overall": {
        "average": 69.9275,
        "variance": 15267.93724375
    }
}