{
    "all": {
        "average": 6.5225,
        "variance": 333.83449375000004
    },
    "overall": {
        "average": 6.5225,
        "variance": 333.83449375000004
    }
}