{
    "all": {
        "average": 59.8225,
        "variance": 3781.8359937500004
    },
    "overall": {
        "average": 59.8225,
        "variance": 3781.8359937500004
    }
}