{
    "all": {
        "average": 83.72087233618801,
        "variance": 2499.2366665164645
    },
    "overall": {
        "average": 83.72087233618801,
        "variance": 2499.2366665164645
    }
}