{
    "all": {
        "average": 130.9461262696674,
        "variance": 9713.548680971113
    },
    "overall": {
        "average": 130.9461262696674,
        "variance": 9713.548680971113
    }
}