{
    "all": {
        "average": 86.22,
        "variance": 1815.3075999999999
    },
    "overall": {
        "average": 86.22,
        "variance": 1815.3075999999999
    }
}