{
    "all": {
        "average": 56.564,
        "variance": 1836.197904
    },
    "overall": {
        "average": 56.564,
        "variance": 1836.197904
    }
}