{
    "all": {
        "average": 182.2625,
        "variance": 5320.3685937499995
    },
    "overall": {
        "average": 182.2625,
        "variance": 5320.3685937499995
    }
}