{
    "mixed": {
        "average": 75.80956937799043,
        "variance": 9574.253688331311
    },
    "dialogue": {
        "average": 82.65089121081745,
        "variance": 16208.136266876303
    },
    "overall": {
        "average": 79.9752994011976,
        "variance": 13624.818252155867
    }
}