{
    "mixed": {
        "average": 80.97607655502392,
        "variance": 16939.15253771663
    },
    "dialogue": {
        "average": 93.50952673632452,
        "variance": 33441.79754292292
    },
    "overall": {
        "average": 88.60778443113773,
        "variance": 27025.140328624184
    }
}