{
    "all": {
        "average": 146.325,
        "variance": 12649.486041666667
    },
    "overall": {
        "average": 146.325,
        "variance": 12649.486041666667
    }
}