{
    "all": {
        "average": 110.03333333333333,
        "variance": 7196.665555555554
    },
    "overall": {
        "average": 110.03333333333333,
        "variance": 7196.665555555554
    }
}