{
    "all": {
        "average": 351.8,
        "variance": 18396.534999999996
    },
    "overall": {
        "average": 351.8,
        "variance": 18396.534999999996
    }
}