{
    "all": {
        "average": 235.3375,
        "variance": 13383.54859375
    },
    "overall": {
        "average": 235.3375,
        "variance": 13383.54859375
    }
}