{
    "accounting": {
        "average": 51.86,
        "variance": 1751.6204
    },
    "agricultural_sciences": {
        "average": 55.488,
        "variance": 1939.8138560000002
    },
    "aviation_engineering_and_maintenance": {
        "average": 44.145,
        "variance": 1234.6679749999998
    },
    "biology": {
        "average": 47.734,
        "variance": 1528.397244
    },
    "chemical_engineering": {
        "average": 45.91,
        "variance": 2147.9639
    },
    "chemistry": {
        "average": 44.98,
        "variance": 1490.4096
    },
    "civil_engineering": {
        "average": 58.309,
        "variance": 2619.495519
    },
    "computer_science": {
        "average": 40.675,
        "variance": 973.089375
    },
    "construction": {
        "average": 54.506,
        "variance": 1854.755964
    },
    "criminal_law": {
        "average": 89.31,
        "variance": 3220.1539000000002
    },
    "ecology": {
        "average": 59.563,
        "variance": 1783.648031
    },
    "economics": {
        "average": 68.26923076923077,
        "variance": 2780.4736686390534
    },
    "education": {
        "average": 120.18,
        "variance": 805.9676
    },
    "electrical_engineering": {
        "average": 44.888,
        "variance": 1653.1034559999998
    },
    "electronics_engineering": {
        "average": 39.365,
        "variance": 977.357775
    },
    "energy_management": {
        "average": 50.649,
        "variance": 2064.769799
    },
    "environmental_science": {
        "average": 53.98,
        "variance": 2138.0276
    },
    "fashion": {
        "average": 47.308,
        "variance": 1101.0511360000003
    },
    "food_processing": {
        "average": 50.638,
        "variance": 1439.0689559999998
    },
    "gas_technology_and_engineering": {
        "average": 55.56,
        "variance": 2319.4884
    },
    "geomatics": {
        "average": 60.054,
        "variance": 2834.9350839999997
    },
    "health": {
        "average": 102.9,
        "variance": 889.17
    },
    "industrial_engineer": {
        "average": 43.381,
        "variance": 1094.4818390000003
    },
    "information_technology": {
        "average": 45.546,
        "variance": 1075.893884
    },
    "interior_architecture_and_design": {
        "average": 59.627,
        "variance": 1481.0038710000001
    },
    "law": {
        "average": 88.522,
        "variance": 3140.209516
    },
    "machine_design_and_manufacturing": {
        "average": 58.876,
        "variance": 2138.200624
    },
    "management": {
        "average": 82.61,
        "variance": 2282.4258999999997
    },
    "maritime_engineering": {
        "average": 41.435,
        "variance": 882.0557749999999
    },
    "marketing": {
        "average": 74.113,
        "variance": 1352.9902310000002
    },
    "materials_engineering": {
        "average": 59.62,
        "variance": 2105.3196
    },
    "mechanical_engineering": {
        "average": 47.882,
        "variance": 1504.5560759999998
    },
    "nondestructive_testing": {
        "average": 58.113,
        "variance": 1893.4042310000002
    },
    "patent": {
        "average": 61.87,
        "variance": 2324.3731
    },
    "political_science_and_sociology": {
        "average": 88.12333333333333,
        "variance": 2872.6081222222224
    },
    "psychology": {
        "average": 61.716,
        "variance": 2008.699344
    },
    "public_safety": {
        "average": 49.748,
        "variance": 2051.794496
    },
    "railway_and_automotive_engineering": {
        "average": 50.114,
        "variance": 2790.939004
    },
    "real_estate": {
        "average": 101.24,
        "variance": 2850.7524
    },
    "refrigerating_machinery": {
        "average": 49.002,
        "variance": 1915.657996
    },
    "social_welfare": {
        "average": 56.437,
        "variance": 2468.808031
    },
    "taxation": {
        "average": 127.77,
        "variance": 7635.5071
    },
    "telecommunications_and_wireless_technology": {
        "average": 48.335,
        "variance": 1440.1027749999998
    },
    "korean_history": {
        "average": 161.48,
        "variance": 2717.6096000000002
    },
    "math": {
        "average": 52.196666666666665,
        "variance": 6493.284655555556
    },
    "overall": {
        "average": 55.91570082786183,
        "variance": 2149.1555827731854
    }
}