{
    "diamond": {
        "average": 236.67676767676767,
        "variance": 26215.380369350063
    },
    "extended": {
        "average": 230.03846153846155,
        "variance": 24840.971048182586
    },
    "main": {
        "average": 228.23660714285714,
        "variance": 22593.836874202807
    },
    "overall": {
        "average": 230.46392617449663,
        "variance": 24233.06916847777
    }
}