{
    "all": {
        "average": 150.76666666666668,
        "variance": 744.2622222222222
    },
    "overall": {
        "average": 150.76666666666668,
        "variance": 744.2622222222222
    }
}