{
    "all": {
        "average": 76.38657637920733,
        "variance": 7044.388300188798
    },
    "overall": {
        "average": 76.38657637920733,
        "variance": 7044.388300188798
    }
}