{
    "all": {
        "average": 148.3775144393547,
        "variance": 37358.03702875527
    },
    "overall": {
        "average": 148.3775144393547,
        "variance": 37358.03702875527
    }
}