{
    "all": {
        "average": 272.2875,
        "variance": 5343.25484375
    },
    "overall": {
        "average": 272.2875,
        "variance": 5343.25484375
    }
}