{
    "all": {
        "average": 59.584,
        "variance": 946.5229440000002
    },
    "overall": {
        "average": 59.584,
        "variance": 946.5229440000002
    }
}