{
    "all": {
        "average": 106.132,
        "variance": 2692.570576
    },
    "overall": {
        "average": 106.132,
        "variance": 2692.570576
    }
}