{
    "mixed": {
        "average": 48.74258373205742,
        "variance": 1499.9098134200221
    },
    "dialogue": {
        "average": 50.06760909649662,
        "variance": 2017.352527965203
    },
    "overall": {
        "average": 49.54940119760479,
        "variance": 1815.4024996414355
    }
}