{
    "mixed": {
        "average": 33.18086124401914,
        "variance": 674.171116961608
    },
    "dialogue": {
        "average": 30.51075599262446,
        "variance": 642.6112856608045
    },
    "overall": {
        "average": 31.55501497005988,
        "variance": 656.6519134728298
    }
}