{
    "all": {
        "average": 87.80833333333334,
        "variance": 1432.6049305555557
    },
    "overall": {
        "average": 87.80833333333334,
        "variance": 1432.6049305555557
    }
}