{
    "all": {
        "average": 67.12238597888867,
        "variance": 347.976955549885
    },
    "overall": {
        "average": 67.12238597888867,
        "variance": 347.976955549885
    }
}