{
    "all": {
        "average": 192.1625,
        "variance": 3311.1610937499995
    },
    "overall": {
        "average": 192.1625,
        "variance": 3311.1610937499995
    }
}