{
    "all": {
        "average": 91.368,
        "variance": 2048.112576
    },
    "overall": {
        "average": 91.368,
        "variance": 2048.112576
    }
}