{
    "all": {
        "average": 107.576,
        "variance": 3060.540224
    },
    "overall": {
        "average": 107.576,
        "variance": 3060.540224
    }
}