{
    "all": {
        "average": 373.55,
        "variance": 31374.897500000003
    },
    "overall": {
        "average": 373.55,
        "variance": 31374.897500000003
    }
}