{
    "all": {
        "average": 197.275,
        "variance": 8384.174374999999
    },
    "overall": {
        "average": 197.275,
        "variance": 8384.174374999999
    }
}