{
    "all": {
        "average": 116.23333333333333,
        "variance": 4071.0788888888897
    },
    "overall": {
        "average": 116.23333333333333,
        "variance": 4071.0788888888897
    }
}