{
    "all": {
        "average": 111.23333333333333,
        "variance": 9169.195555555554
    },
    "overall": {
        "average": 111.23333333333333,
        "variance": 9169.195555555554
    }
}