{
    "diamond": {
        "average": 180.12121212121212,
        "variance": 9442.348943985307
    },
    "extended": {
        "average": 189.39743589743588,
        "variance": 9739.202850568234
    },
    "main": {
        "average": 188.83928571428572,
        "variance": 10611.728635204081
    },
    "overall": {
        "average": 187.6468120805369,
        "variance": 10029.168043528445
    }
}