{
    "diamond": {
        "average": 239.94949494949495,
        "variance": 19981.2398734823
    },
    "extended": {
        "average": 241.85164835164835,
        "variance": 17736.68678299722
    },
    "main": {
        "average": 239.63169642857142,
        "variance": 19009.250513193554
    },
    "overall": {
        "average": 240.7013422818792,
        "variance": 18588.932615647947
    }
}