{
    "all": {
        "average": 98.03333333333333,
        "variance": 1963.2155555555553
    },
    "overall": {
        "average": 98.03333333333333,
        "variance": 1963.2155555555553
    }
}