{
    "all": {
        "average": 115.8,
        "variance": 1690.9599999999998
    },
    "overall": {
        "average": 115.8,
        "variance": 1690.9599999999998
    }
}