{
    "all": {
        "average": 21.9725,
        "variance": 3503.19674375
    },
    "overall": {
        "average": 21.9725,
        "variance": 3503.19674375
    }
}