{
    "all": {
        "average": 74.0775,
        "variance": 27499.43649375
    },
    "overall": {
        "average": 74.0775,
        "variance": 27499.43649375
    }
}