{
    "all": {
        "average": 99.6,
        "variance": 383.0400000000001
    },
    "overall": {
        "average": 99.6,
        "variance": 383.0400000000001
    }
}