{
    "mixed": {
        "average": 4.337799043062201,
        "variance": 79.03708797875507
    },
    "dialogue": {
        "average": 3.465273509526736,
        "variance": 97.49280144639724
    },
    "overall": {
        "average": 3.8065119760479043,
        "variance": 90.45620010913801
    }
}