{
    "Average": 6.476190476190476,
    "Reasoning": 6.75,
    "Math": 7.214285714285714,
    "Writing": 6.607142857142857,
    "Coding": 7.714285714285714,
    "Understanding": 6.5,
    "Grammar": 4.071428571428571,
    "Single Turn": 6.321428571428571,
    "Multi Turn": 6.630952380952381
}