{
    "all": {
        "average": 65.85514705882353,
        "variance": 13269.264311743078
    },
    "overall": {
        "average": 65.85514705882353,
        "variance": 13269.264311743078
    }
}