{
    "all": {
        "average": 95.27794117647059,
        "variance": 41254.290395761236
    },
    "overall": {
        "average": 95.27794117647059,
        "variance": 41254.290395761236
    }
}