{
    "all": {
        "average": 93.68333333333334,
        "variance": 1251.2997222222223
    },
    "overall": {
        "average": 93.68333333333334,
        "variance": 1251.2997222222223
    }
}