{
    "all": {
        "average": 107.90833333333333,
        "variance": 2014.7999305555556
    },
    "overall": {
        "average": 107.90833333333333,
        "variance": 2014.7999305555556
    }
}