{
    "main": {
        "average": 62.1213040181956,
        "variance": 1617.823041210833
    },
    "socratic": {
        "average": 62.50037907505686,
        "variance": 1962.5244501974698
    },
    "overall": {
        "average": 62.31084154662623,
        "variance": 1790.209670178835
    }
}