{
    "main": {
        "average": 88.81349507202427,
        "variance": 4139.746868679089
    },
    "socratic": {
        "average": 88.00454890068234,
        "variance": 3312.4124129693673
    },
    "overall": {
        "average": 88.4090219863533,
        "variance": 3726.2432393012605
    }
}