{
    "all": {
        "average": 76.7075,
        "variance": 10048.606943750003
    },
    "overall": {
        "average": 76.7075,
        "variance": 10048.606943750003
    }
}