{
    "all": {
        "average": 43.47,
        "variance": 3014.9790999999996
    },
    "overall": {
        "average": 43.47,
        "variance": 3014.9790999999996
    }
}