{
    "all": {
        "average": 141.31666666666666,
        "variance": 2744.4830555555554
    },
    "overall": {
        "average": 141.31666666666666,
        "variance": 2744.4830555555554
    }
}