{
    "all": {
        "average": 91.71666666666667,
        "variance": 1391.3697222222224
    },
    "overall": {
        "average": 91.71666666666667,
        "variance": 1391.3697222222224
    }
}