{
    "all": {
        "average": 59.025,
        "variance": 475.8077083333332
    },
    "overall": {
        "average": 59.025,
        "variance": 475.8077083333332
    }
}