{
    "accounting": {
        "average": 308.6,
        "variance": 11297.039999999999
    },
    "agricultural_sciences": {
        "average": 161.2,
        "variance": 2347.3599999999997
    },
    "aviation_engineering_and_maintenance": {
        "average": 255.8,
        "variance": 3392.56
    },
    "biology": {
        "average": 223.4,
        "variance": 1765.0400000000002
    },
    "chemical_engineering": {
        "average": 176.8,
        "variance": 1144.9599999999998
    },
    "chemistry": {
        "average": 330.2,
        "variance": 12956.56
    },
    "civil_engineering": {
        "average": 258.0,
        "variance": 11246.4
    },
    "computer_science": {
        "average": 226.4,
        "variance": 3089.04
    },
    "construction": {
        "average": 250.0,
        "variance": 5604.8
    },
    "criminal_law": {
        "average": 272.6,
        "variance": 5271.4400000000005
    },
    "ecology": {
        "average": 248.4,
        "variance": 19527.440000000002
    },
    "economics": {
        "average": 244.0,
        "variance": 4180.8
    },
    "education": {
        "average": 246.6,
        "variance": 12315.84
    },
    "electrical_engineering": {
        "average": 197.8,
        "variance": 3066.1600000000003
    },
    "electronics_engineering": {
        "average": 274.6,
        "variance": 3079.4400000000005
    },
    "energy_management": {
        "average": 205.2,
        "variance": 13627.759999999998
    },
    "environmental_science": {
        "average": 215.2,
        "variance": 3861.3600000000006
    },
    "fashion": {
        "average": 290.8,
        "variance": 5252.5599999999995
    },
    "food_processing": {
        "average": 195.6,
        "variance": 2369.44
    },
    "gas_technology_and_engineering": {
        "average": 216.8,
        "variance": 11173.759999999998
    },
    "geomatics": {
        "average": 183.2,
        "variance": 16212.560000000001
    },
    "health": {
        "average": 300.2,
        "variance": 6025.360000000001
    },
    "industrial_engineer": {
        "average": 252.0,
        "variance": 3573.2
    },
    "information_technology": {
        "average": 241.2,
        "variance": 12874.96
    },
    "interior_architecture_and_design": {
        "average": 263.6,
        "variance": 6303.4400000000005
    },
    "law": {
        "average": 195.2,
        "variance": 4354.16
    },
    "machine_design_and_manufacturing": {
        "average": 126.0,
        "variance": 2618.8
    },
    "management": {
        "average": 305.8,
        "variance": 6437.36
    },
    "maritime_engineering": {
        "average": 207.4,
        "variance": 2520.24
    },
    "marketing": {
        "average": 202.8,
        "variance": 9310.16
    },
    "materials_engineering": {
        "average": 290.8,
        "variance": 2126.1600000000003
    },
    "mechanical_engineering": {
        "average": 187.8,
        "variance": 5039.76
    },
    "nondestructive_testing": {
        "average": 223.4,
        "variance": 11829.44
    },
    "patent": {
        "average": 316.6,
        "variance": 1934.2400000000002
    },
    "political_science_and_sociology": {
        "average": 291.0,
        "variance": 28924.0
    },
    "psychology": {
        "average": 210.4,
        "variance": 21041.840000000004
    },
    "public_safety": {
        "average": 200.8,
        "variance": 14439.359999999997
    },
    "railway_and_automotive_engineering": {
        "average": 155.8,
        "variance": 2578.96
    },
    "real_estate": {
        "average": 349.0,
        "variance": 3871.2
    },
    "refrigerating_machinery": {
        "average": 272.8,
        "variance": 3803.3599999999997
    },
    "social_welfare": {
        "average": 212.8,
        "variance": 6164.960000000001
    },
    "taxation": {
        "average": 368.2,
        "variance": 1297.36
    },
    "telecommunications_and_wireless_technology": {
        "average": 166.2,
        "variance": 2572.56
    },
    "korean_history": {
        "average": 214.2,
        "variance": 17466.559999999998
    },
    "math": {
        "average": 267.4,
        "variance": 4578.24
    },
    "overall": {
        "average": 240.05777777777777,
        "variance": 10213.636661728397
    }
}