{
    "diamond": {
        "average": 205.9090909090909,
        "variance": 12478.143250688709
    },
    "extended": {
        "average": 200.43956043956044,
        "variance": 9543.792134605323
    },
    "main": {
        "average": 200.74107142857142,
        "variance": 10542.36152742347
    },
    "overall": {
        "average": 201.46140939597316,
        "variance": 10410.469987275348
    }
}