{
    "diamond": {
        "average": 316.3181818181818,
        "variance": 53119.61088154269
    },
    "extended": {
        "average": 301.64102564102564,
        "variance": 38618.189818728286
    },
    "main": {
        "average": 296.81473214285717,
        "variance": 34566.472372249686
    },
    "overall": {
        "average": 302.26510067114094,
        "variance": 39548.33743975496
    }
}