{
    "all": {
        "average": 30.8575,
        "variance": 2925.61719375
    },
    "overall": {
        "average": 30.8575,
        "variance": 2925.61719375
    }
}