{
    "all": {
        "average": 64.87,
        "variance": 22670.368100000007
    },
    "overall": {
        "average": 64.87,
        "variance": 22670.368100000007
    }
}