{
    "diamond": {
        "average": 70.2,
        "variance": 7896.160000000001
    },
    "extended": {
        "average": 59.4,
        "variance": 14113.439999999999
    },
    "main": {
        "average": 0.0,
        "variance": 0.0
    },
    "overall": {
        "average": 43.2,
        "variance": 8289.093333333336
    }
}